{
    "hidden_dim": 394,
    "dropout_rate": 0.1956137565141447,
    "lr": 0.008857396130958105,
    "weight_decay": 0.0002634736813288315
}